<div class="col-sm-3">     <div class="xe-widget xe-conversations box2 label-info" onclick="window.open('	https://simhaoka.com/pc/index?id=29A9D4D72D65CC0994ECD8BF32B68DA2	', '_blank')" data-toggle="tooltip" data-placement="bottom" title="" data-original-title="	https://simhaoka.com/pc/index?id=29A9D4D72D65CC0994ECD8BF32B68DA2	"> <div class="xe-comment-entry"> <a class="xe-user-img"> <img data-src="	https://api.iowen.cn/favicon/simhaoka.com.png	../assets/images/logos/simhaoka.com.png	simhaoka.com.png	" class="lozad img-circle" width="40"> </a>         <div class="xe-comment"> <a href="#" class="xe-user-name overflowClip_1"> <strong> 	精选流量卡	</strong> </a>  <p class="overflowClip_2">	欧维精选手机流量卡	</p> </div> </div> </div> </div>
	https://shuyi.shenmezhidedu.com/		https://shuyi.shenmezhidedu.com/		https://shuyi.shenmezhidedu.com/wp-content/uploads/2021/10/fxlogo.png	../assets/images/logos/fxlogo.png	fxlogo.png		书易 | 电子书导航-密码276894		书易 | 电子书导航	
	https://docs.qq.com/sheet/DRU5MWHZCTHFGQnhM		https://docs.qq.com/sheet/DRU5MWHZCTHFGQnhM		https://api.iowen.cn/favicon/docs.qq.com.png	../assets/images/logos/docs.qq.com.png	docs.qq.com.png		最全公开课知识库		全网高质量公开课程合集	
	https://tophub.today/		https://tophub.today/		https://api.iowen.cn/favicon/tophub.today.png	../assets/images/logos/tophub.today.png	tophub.today.png		今日热榜		今日热榜	
	https://www.dumogu.top/		https://www.dumogu.top/		https://api.iowen.cn/favicon/www.dumogu.top.png	../assets/images/logos/www.dumogu.top.png	www.dumogu.top.png		一篇文字		每天一篇高质量短文	
	https://yixi.tv/#/home		https://yixi.tv/#/home		https://api.iowen.cn/favicon/yixi.tv.png	../assets/images/logos/yixi.tv.png	yixi.tv.png		一席		高质量演讲视频	
	https://open.163.com/		https://open.163.com/		https://api.iowen.cn/favicon/open.163.com.png	../assets/images/logos/open.163.com.png	open.163.com.png		网易公开课		高质量课程内容平台	
	https://www.zhubai.wiki/		https://www.zhubai.wiki/		https://api.iowen.cn/favicon/www.zhubai.wiki.png	../assets/images/logos/www.zhubai.wiki.png	www.zhubai.wiki.png		竹白百科		高质量Newsletter一览	
	https://xyzrank.com/#/		https://xyzrank.com/#/		https://api.iowen.cn/favicon/xyzrank.com.png	../assets/images/logos/xyzrank.com.png	xyzrank.com.png		中文播客榜		中文播客榜单	
	https://docs.qq.com/sheet/DQ2ZrWVd6UUVWd2xv		https://docs.qq.com/sheet/DQ2ZrWVd6UUVWd2xv		https://api.iowen.cn/favicon/docs.qq.com.png	../assets/images/logos/docs.qq.com.png	docs.qq.com.png		换书交友		换书交朋友	
	https://www.duozhuayu.com/original		https://www.duozhuayu.com/original		https://api.iowen.cn/favicon/www.duozhuayu.com.png	../assets/images/logos/www.duozhuayu.com.png	www.duozhuayu.com.png		多抓鱼		高品质二手书店	
	https://www.kongfz.com/		https://www.kongfz.com/		https://api.iowen.cn/favicon/www.kongfz.com.png	../assets/images/logos/www.kongfz.com.png	www.kongfz.com.png		孔夫子旧书网		一家老书店	
	http://www.dangdang.com/		http://www.dangdang.com/		https://api.iowen.cn/favicon/www.dangdang.com.png	../assets/images/logos/www.dangdang.com.png	www.dangdang.com.png		当当网		当当书店	
	https://book.jd.com/		https://book.jd.com/		https://api.iowen.cn/favicon/book.jd.com.png	../assets/images/logos/book.jd.com.png	book.jd.com.png		京东图书		京东图书	
	https://shenmezhidedu.com		https://shenmezhidedu.com		http://www.shenmezhidedu.com/wp-content/uploads/2020/02/2020022005355667.png	../assets/images/logos/2020022005355667.png	2020022005355667.png		什么值得读		互联网人的书单库！	
	https://www.readthistwice.com/		https://www.readthistwice.com/		https://api.iowen.cn/favicon/www.readthistwice.com.png	../assets/images/logos/www.readthistwice.com.png	www.readthistwice.com.png		ReadThisTwice		读2遍	
	http://www.woshipm.com/books		http://www.woshipm.com/books		https://api.iowen.cn/favicon/www.woshipm.com.png	../assets/images/logos/www.woshipm.com.png	www.woshipm.com.png		人人都是产品经理书单		产品经理书单	
	https://weread.qq.com/web/category/rising		https://weread.qq.com/web/category/rising		https://api.iowen.cn/favicon/weread.qq.com.png	../assets/images/logos/weread.qq.com.png	weread.qq.com.png		微信读书排行榜		微信读书榜单	
	https://www.mostrecommendedbooks.com/		https://www.mostrecommendedbooks.com/		https://api.iowen.cn/favicon/www.mostrecommendedbooks.com.png	../assets/images/logos/www.mostrecommendedbooks.com.png	www.mostrecommendedbooks.com.png		Mostrecommendedbooks		名人推荐好书	
	https://www.shenmezhidedu.com/haowen/1922.html#%E8%B1%86%E7%93%A3		https://www.shenmezhidedu.com/haowen/1922.html#%E8%B1%86%E7%93%A3		https://api.iowen.cn/favicon/www.shenmezhidedu.com.png	../assets/images/logos/www.shenmezhidedu.com.png	www.shenmezhidedu.com.png		豆瓣年度榜单		豆瓣年度阅读榜单	
	https://read.douban.com/charts/?uc_biz_str=OPT%3ABACK_BTN_STYLE%400%7COPT%3ATOOLBAR_STYLE%401		https://read.douban.com/charts/?uc_biz_str=OPT%3ABACK_BTN_STYLE%400%7COPT%3ATOOLBAR_STYLE%401		https://api.iowen.cn/favicon/read.douban.com.png	../assets/images/logos/read.douban.com.png	read.douban.com.png		豆瓣阅读排行榜		豆瓣阅读小说排行榜	
	https://tophub.today/n/b0vmYyJvB1?uc_biz_str=OPT%3ABACK_BTN_STYLE%400%7COPT%3ATOOLBAR_STYLE%401		https://tophub.today/n/b0vmYyJvB1?uc_biz_str=OPT%3ABACK_BTN_STYLE%400%7COPT%3ATOOLBAR_STYLE%401		https://api.iowen.cn/favicon/tophub.today.png	../assets/images/logos/tophub.today.png	tophub.today.png		纵横24小时畅读榜		纵横中文网24小时畅读榜单	
	https://www.zhelper.net/		https://www.zhelper.net/		https://api.iowen.cn/favicon/www.zhelper.net.png	../assets/images/logos/www.zhelper.net.png	www.zhelper.net.png		Zlibrary		Zlibrary访问神器	
	https://zh.annas-archive.org/		https://zh.annas-archive.org/		https://api.iowen.cn/favicon/zh.annas-archive.org.png	../assets/images/logos/zh.annas-archive.org.png	zh.annas-archive.org.png		安娜的档案		Zlibrary镜像，非常稳定	
	https://www.jiumodiary.com/		https://www.jiumodiary.com/		https://api.iowen.cn/favicon/www.jiumodiary.com.png	../assets/images/logos/www.jiumodiary.com.png	www.jiumodiary.com.png		鸠摩搜书		非常强大的书籍搜索引擎	
	https://www.kuaisoumao.com		https://www.kuaisoumao.com		https://api.iowen.cn/favicon/www.kuaisoumao.com.png	../assets/images/logos/www.kuaisoumao.com.png	www.kuaisoumao.com.png		快搜猫		文档搜索引擎	
	https://bks.thefuture.top		https://bks.thefuture.top		https://bks.thefuture.top/bk.png	../assets/images/logos/bk.png	bk.png		TheFuture		免费电子书搜索引擎	
	http://xibianyun.com/book/		http://xibianyun.com/book/		https://api.iowen.cn/favicon/xibianyun.com.png	../assets/images/logos/xibianyun.com.png	xibianyun.com.png		西边云		英文书籍资源丰富	
	https://xmsoushu.com/#/		https://xmsoushu.com/#/		https://xmsoushu.com/img/logo.64a5ecd6.png	../assets/images/logos/logo.64a5ecd6.png	logo.64a5ecd6.png		熊猫搜书		聚合书籍搜索引擎	
	https://search.chongbuluo.com/		https://search.chongbuluo.com/		https://api.iowen.cn/favicon/search.chongbuluo.com.png	../assets/images/logos/search.chongbuluo.com.png	search.chongbuluo.com.png		虫部落		聚合了多个搜索引擎	
	http://ebook.name/		http://ebook.name/		https://api.iowen.cn/favicon/ebook.name.png	../assets/images/logos/ebook.name.png	ebook.name.png		采书		免费电子书搜索引擎	
	https://www.yuedu.pro/#/		https://www.yuedu.pro/#/		https://api.iowen.cn/favicon/www.yuedu.pro.png	../assets/images/logos/www.yuedu.pro.png	www.yuedu.pro.png		阅读链		电子书下载网站	
	https://www.owlook.com.cn/		https://www.owlook.com.cn/		https://api.iowen.cn/favicon/www.owlook.com.cn.png	../assets/images/logos/www.owlook.com.cn.png	www.owlook.com.cn.png		Owlook		网络小说搜索引擎	
	https://kgbook.com/		https://kgbook.com/		https://api.iowen.cn/favicon/kgbook.com.png	../assets/images/logos/kgbook.com.png	kgbook.com.png		苦瓜书盘		界面非常简洁	
	https://www.cnpereading.com/?imyshare.com=friends		https://www.cnpereading.com/?imyshare.com=friends		https://api.iowen.cn/favicon/www.cnpereading.com.png	../assets/images/logos/www.cnpereading.com.png	www.cnpereading.com.png		易阅通		图书期刊有声书	
	https://beta.ssdown.org/		https://beta.ssdown.org/		https://api.iowen.cn/favicon/beta.ssdown.org.png	../assets/images/logos/beta.ssdown.org.png	beta.ssdown.org.png		SS Search		书籍检索工具	
	https://elib.cc/		https://elib.cc/		https://api.iowen.cn/favicon/elib.cc.png	../assets/images/logos/elib.cc.png	elib.cc.png		Elib		电子书搜索引擎	
	https://www.giffox.com/		https://www.giffox.com/		https://api.iowen.cn/favicon/www.giffox.com.png	../assets/images/logos/www.giffox.com.png	www.giffox.com.png		Giffox		电子书聚合搜索	
	https://search.zhelper.net/		https://search.zhelper.net/		https://api.iowen.cn/favicon/search.zhelper.net.png	../assets/images/logos/search.zhelper.net.png	search.zhelper.net.png		Zhelper Search		电子书聚合搜索	
	https://www.oalib.com/		https://www.oalib.com/		https://api.iowen.cn/favicon/www.oalib.com.png	../assets/images/logos/www.oalib.com.png	www.oalib.com.png		oa图书馆		共享的学术数据库	
	https://www.toplinks.cc/s/		https://www.toplinks.cc/s/		https://api.iowen.cn/favicon/www.toplinks.cc.png	../assets/images/logos/www.toplinks.cc.png	www.toplinks.cc.png		淘链客		电子书资源网站	
	https://docs.qq.com/sheet/DRU5MWHZCTHFGQnhM		https://docs.qq.com/sheet/DRU5MWHZCTHFGQnhM		https://api.iowen.cn/favicon/docs.qq.com.png	../assets/images/logos/docs.qq.com.png	docs.qq.com.png		最全公开课知识库		全网高质量公开课程合集	
	https://readhub.one/		https://readhub.one/		https://api.iowen.cn/favicon/readhub.one.png	../assets/images/logos/readhub.one.png	readhub.one.png		读库		资源较多	
	https://fuun.fun/		https://fuun.fun/		https://api.iowen.cn/favicon/fuun.fun.png	../assets/images/logos/fuun.fun.png	fuun.fun.png		奇趣网站收藏家		有趣的网站合集	
	https://imyshare.com/article/28/		https://imyshare.com/article/28/		https://api.iowen.cn/favicon/imyshare.com.png	../assets/images/logos/imyshare.com.png	imyshare.com.png		全网免费电子书		全网电子书合集	
	http://klib.me/weread/hot/all.html?shenmezhidedu.com=friends		http://klib.me/weread/hot/all.html?shenmezhidedu.com=friends		https://api.iowen.cn/favicon/klib.me.png	../assets/images/logos/klib.me.png	klib.me.png		微信读书排行榜		微信好书榜单	
	http://www.wufazhuce.com/		http://www.wufazhuce.com/		https://api.iowen.cn/favicon/www.wufazhuce.com.png	../assets/images/logos/www.wufazhuce.com.png	www.wufazhuce.com.png		One一个		韩寒旗下小说网站	
	http://www.mifengtd.cn/articles/		http://www.mifengtd.cn/articles/		https://api.iowen.cn/favicon/www.mifengtd.cn.png	../assets/images/logos/www.mifengtd.cn.png	www.mifengtd.cn.png		退墨		褪墨是一个关于时间管理，GTD，个人提升，生活健康，演讲技巧和学习技巧的博客。网站的目标是：把事情做到更好。	
	http://g.yeeyan.com/		http://g.yeeyan.com/		https://api.iowen.cn/favicon/g.yeeyan.com.png	../assets/images/logos/g.yeeyan.com.png	g.yeeyan.com.png		译言网		译言网 发现、翻译、分享中文之外的互联网精华。要知道有无数人就指着译言活了，5星推荐。	
	http://www.zreading.cn/		http://www.zreading.cn/		https://api.iowen.cn/favicon/www.zreading.cn.png	../assets/images/logos/www.zreading.cn.png	www.zreading.cn.png		左岸读书		鼓掌，点击收藏，又一个5星网站。一个备受推崇的读书、荐书网站。里面有众多作者贡献自己见解和分享，不错。	
	http://www.duxieren.com/		http://www.duxieren.com/		https://api.iowen.cn/favicon/www.duxieren.com.png	../assets/images/logos/www.duxieren.com.png	www.duxieren.com.png		读写人		一个聚合了书评杂志、书评博客、中英文读书资源的读书网站。界面很直接，很有来到图书馆里的满足感。	
	https://new.shuge.org/		https://new.shuge.org/		https://api.iowen.cn/favicon/new.shuge.org.png	../assets/images/logos/new.shuge.org.png	new.shuge.org.png		书格		书格是一个自由开放的在线古籍图书馆。致力于开放式分享、介绍、推荐古本	
	http://www.zoudupai.com/		http://www.zoudupai.com/		https://api.iowen.cn/favicon/www.zoudupai.com.png	../assets/images/logos/www.zoudupai.com.png	www.zoudupai.com.png		走读派		读书导航	
	http://www.xysudu.com/		http://www.xysudu.com/		https://api.iowen.cn/favicon/www.xysudu.com.png	../assets/images/logos/www.xysudu.com.png	www.xysudu.com.png		小鱼速读		视频速读好书	
	https://digicol.dpm.org.cn/		https://digicol.dpm.org.cn/		https://api.iowen.cn/favicon/digicol.dpm.org.cn.png	../assets/images/logos/digicol.dpm.org.cn.png	digicol.dpm.org.cn.png		故宫数字文物库		故宫数字文物库	
	https://ja.ukiyo-e.org/		https://ja.ukiyo-e.org/		https://api.iowen.cn/favicon/ja.ukiyo-e.org.png	../assets/images/logos/ja.ukiyo-e.org.png	ja.ukiyo-e.org.png		浮世绘		浮世绘资源	
	https://www.cbaigui.com/		https://www.cbaigui.com/		https://api.iowen.cn/favicon/www.cbaigui.com.png	../assets/images/logos/www.cbaigui.com.png	www.cbaigui.com.png		纪妖		收集中国古今妖怪	
	https://www.23qb.net/lightnovel/		https://www.23qb.net/lightnovel/		https://api.iowen.cn/favicon/www.23qb.net.png	../assets/images/logos/www.23qb.net.png	www.23qb.net.png		铅笔小说		铅笔小说是广大书友最值得收藏的网络小说阅读网，网站收录了当前最火热的网络小说。	
	https://www.allhistory.com/		https://www.allhistory.com/		https://api.iowen.cn/favicon/www.allhistory.com.png	../assets/images/logos/www.allhistory.com.png	www.allhistory.com.png		全历史		一个有趣的历史网站	
	https://www.cia.gov/readingroom/		https://www.cia.gov/readingroom/		https://api.iowen.cn/favicon/www.cia.gov.png	../assets/images/logos/www.cia.gov.png	www.cia.gov.png		中情局解密档案		中情局解密档案	
	http://www.ladouban.com/		http://www.ladouban.com/		https://api.iowen.cn/favicon/www.ladouban.com.png	../assets/images/logos/www.ladouban.com.png	www.ladouban.com.png		辣豆瓣		书单书籍推荐	
	https://www.18sbook.com/		https://www.18sbook.com/		https://api.iowen.cn/favicon/www.18sbook.com.png	../assets/images/logos/www.18sbook.com.png	www.18sbook.com.png		爱巴士书屋		小说网站	
	https://www.qimao.com/?shuyi=friends		https://www.qimao.com/?shuyi=friends		https://api.iowen.cn/favicon/www.qimao.com.png	../assets/images/logos/www.qimao.com.png	www.qimao.com.png		七猫小说		全本免费小说	
	https://www.linovelib.com/		https://www.linovelib.com/		https://api.iowen.cn/favicon/www.linovelib.com.png	../assets/images/logos/www.linovelib.com.png	www.linovelib.com.png		哔哩轻小说		轻小说	
	https://book.sfacg.com/?shenmezhidedu.com=friends		https://book.sfacg.com/?shenmezhidedu.com=friends		https://api.iowen.cn/favicon/book.sfacg.com.png	../assets/images/logos/book.sfacg.com.png	book.sfacg.com.png		SF轻小说		SF轻小说网提供海量日本轻小说,国产轻小说,动漫小说,轻小说TXT下载,轻小说在线阅读	
	http://www.ixinqing.com/?shenmezhidedu.com=friends		http://www.ixinqing.com/?shenmezhidedu.com=friends		https://api.iowen.cn/favicon/www.ixinqing.com.png	../assets/images/logos/www.ixinqing.com.png	www.ixinqing.com.png		心晴		心理学书籍	
	https://weread.qnmlgb.tech/chrome?shenmezhidedu.com=friends		https://weread.qnmlgb.tech/chrome?shenmezhidedu.com=friends		https://api.iowen.cn/favicon/weread.qnmlgb.tech.png	../assets/images/logos/weread.qnmlgb.tech.png	weread.qnmlgb.tech.png		微信读书助手		微信读书组队助手	
	https://www.mrsd.top/		https://www.mrsd.top/		https://api.iowen.cn/favicon/www.mrsd.top.png	../assets/images/logos/www.mrsd.top.png	www.mrsd.top.png		莫若书单		PDF电子书下载	
	https://koodo.960960.xyz/zh		https://koodo.960960.xyz/zh		https://api.iowen.cn/favicon/koodo.960960.xyz.png	../assets/images/logos/koodo.960960.xyz.png	koodo.960960.xyz.png		Koodo Reader		开源阅读器	
	https://book.sciencereading.cn/shop/main/Login/shopFrame.do		https://book.sciencereading.cn/shop/main/Login/shopFrame.do		https://api.iowen.cn/favicon/book.sciencereading.cn.png	../assets/images/logos/book.sciencereading.cn.png	book.sciencereading.cn.png		科学文库		资源丰富，学术书籍	
	https://www.xmnote.com/?from=shenmezhidedu		https://www.xmnote.com/?from=shenmezhidedu		https://api.iowen.cn/favicon/www.xmnote.com.png	../assets/images/logos/www.xmnote.com.png	www.xmnote.com.png		纸间书摘		一个很赞的书摘APP	
	https://nav.yibook.org/		https://nav.yibook.org/		https://api.iowen.cn/favicon/nav.yibook.org.png	../assets/images/logos/nav.yibook.org.png	nav.yibook.org.png		易书		一个电子书导航	
	https://backdata.net/		https://backdata.net/		https://api.iowen.cn/favicon/backdata.net.png	../assets/images/logos/backdata.net.png	backdata.net.png		Backdata搜索		一款无广告的搜索引擎	
	https://easycover.91wink.com/		https://easycover.91wink.com/		https://api.iowen.cn/favicon/easycover.91wink.com.png	../assets/images/logos/easycover.91wink.com.png	easycover.91wink.com.png		简单封面		用最简单的方式制作封面图片	
	https://cy.shenmezhidedu.com/		https://cy.shenmezhidedu.com/		https://api.iowen.cn/favicon/cy.shenmezhidedu.com.png	../assets/images/logos/cy.shenmezhidedu.com.png	cy.shenmezhidedu.com.png		成语大全		成语大全	
	https://z.shenmezhidedu.com/		https://z.shenmezhidedu.com/		https://api.iowen.cn/favicon/z.shenmezhidedu.com.png	../assets/images/logos/z.shenmezhidedu.com.png	z.shenmezhidedu.com.png		今日词典		词典字典成语大全	
	https://gsc.shenmezhidedu.com/		https://gsc.shenmezhidedu.com/		https://api.iowen.cn/favicon/gsc.shenmezhidedu.com.png	../assets/images/logos/gsc.shenmezhidedu.com.png	gsc.shenmezhidedu.com.png		今日古诗词		古诗词大全	
	https://shulaquan.com/		https://shulaquan.com/		https://api.iowen.cn/favicon/shulaquan.com.png	../assets/images/logos/shulaquan.com.png	shulaquan.com.png		书啦圈		一个很有趣的书单网站	
	https://www.book123.info/		https://www.book123.info/		https://api.iowen.cn/favicon/www.book123.info.png	../assets/images/logos/www.book123.info.png	www.book123.info.png		无名图书		页面清新书籍多	
	https://readhub.one/		https://readhub.one/		https://api.iowen.cn/favicon/readhub.one.png	../assets/images/logos/readhub.one.png	readhub.one.png		读库		资源较多	
	https://book.zhishikoo.com/		https://book.zhishikoo.com/		https://api.iowen.cn/favicon/book.zhishikoo.com.png	../assets/images/logos/book.zhishikoo.com.png	book.zhishikoo.com.png		书籍知识库		书籍资源多	
	https://lanzoui.com/iwbVVit5zda		https://lanzoui.com/iwbVVit5zda		https://api.iowen.cn/favicon/lanzoui.com.png	../assets/images/logos/lanzoui.com.png	lanzoui.com.png		轻阅		开源阅读软件，内置多个书源	
	https://www.xz577.com/?shuyi=friends		https://www.xz577.com/?shuyi=friends		https://api.iowen.cn/favicon/www.xz577.com.png	../assets/images/logos/www.xz577.com.png	www.xz577.com.png		码农之家电子书		计算机类电子书	
	https://www.amazon.cn/Kindle%C3%A5%C2%85%C2%8D%C3%A8%C2%B4%C2%B9%C3%A7%C2%94%C2%B5%C3%A5%C2%AD%C2%90%C3%A4%C2%B9%C2%A6/b/ref=sa_menu_kindle_l3_b116175071?ie=UTF8&amp;node=116175071		https://www.amazon.cn/Kindle%C3%A5%C2%85%C2%8D%C3%A8%C2%B4%C2%B9%C3%A7%C2%94%C2%B5%C3%A5%C2%AD%C2%90%C3%A4%C2%B9%C2%A6/b/ref=sa_menu_kindle_l3_b116175071?ie=UTF8&amp;node=116175071		https://api.iowen.cn/favicon/www.amazon.cn.png	../assets/images/logos/www.amazon.cn.png	www.amazon.cn.png		Amazon免费		Amazon免费电子书	
	https://ebook2.lorefree.com/		https://ebook2.lorefree.com/		https://api.iowen.cn/favicon/ebook2.lorefree.com.png	../assets/images/logos/ebook2.lorefree.com.png	ebook2.lorefree.com.png		LoreFree		去中心化免费电子书共享网站	
	http://www.dbkdcd.com/		http://www.dbkdcd.com/		https://api.iowen.cn/favicon/www.dbkdcd.com.png	../assets/images/logos/www.dbkdcd.com.png	www.dbkdcd.com.png		大百科全书大辞典网		100万+电子书	
	https://www.tianlangbooks.com/		https://www.tianlangbooks.com/		https://api.iowen.cn/favicon/www.tianlangbooks.com.png	../assets/images/logos/www.tianlangbooks.com.png	www.tianlangbooks.com.png		天浪书屋		电子书分享下载	
	https://orzbooks.com/		https://orzbooks.com/		https://api.iowen.cn/favicon/orzbooks.com.png	../assets/images/logos/orzbooks.com.png	orzbooks.com.png		跪读网		电子书分享下载	
	https://www.itpanda.net/book/		https://www.itpanda.net/book/		https://api.iowen.cn/favicon/www.itpanda.net.png	../assets/images/logos/www.itpanda.net.png	www.itpanda.net.png		IT熊猫		IT计算机类电子书	
	http://www.78books.com/		http://www.78books.com/		https://api.iowen.cn/favicon/www.78books.com.png	../assets/images/logos/www.78books.com.png	www.78books.com.png		78电子书库		电子书库	
	http://www.duodu.cc/		http://www.duodu.cc/		https://api.iowen.cn/favicon/www.duodu.cc.png	../assets/images/logos/www.duodu.cc.png	www.duodu.cc.png		多读		网盘分享电子书	
	https://www.aishuchao.com/		https://www.aishuchao.com/		https://api.iowen.cn/favicon/www.aishuchao.com.png	../assets/images/logos/www.aishuchao.com.png	www.aishuchao.com.png		爱书小站		需关注微信公众号	
	https://linbaoshuwu.com/		https://linbaoshuwu.com/		https://api.iowen.cn/favicon/linbaoshuwu.com.png	../assets/images/logos/linbaoshuwu.com.png	linbaoshuwu.com.png		琳宝书屋		需关注微信公众号	
	https://book.519.best/		https://book.519.best/		https://api.iowen.cn/favicon/book.519.best.png	../assets/images/logos/book.519.best.png	book.519.best.png		519电子书		需关注微信公众号	
	https://www.soushu.vip/		https://www.soushu.vip/		https://api.iowen.cn/favicon/www.soushu.vip.png	../assets/images/logos/www.soushu.vip.png	www.soushu.vip.png		搜书网		聚合搜索下载	
	https://itbook.download/		https://itbook.download/		https://api.iowen.cn/favicon/itbook.download.png	../assets/images/logos/itbook.download.png	itbook.download.png		在线IT电子书		IT电子书，需注册	
	https://huoan.net/		https://huoan.net/		https://api.iowen.cn/favicon/huoan.net.png	../assets/images/logos/huoan.net.png	huoan.net.png		火岸电子书		火岸电子书	
	http://www.66books.cn/		http://www.66books.cn/		https://api.iowen.cn/favicon/www.66books.cn.png	../assets/images/logos/www.66books.cn.png	www.66books.cn.png		电子书根据地		需关注微信公众号才能下载	
	http://www.xiangshi123.com/		http://www.xiangshi123.com/		https://api.iowen.cn/favicon/www.xiangshi123.com.png	../assets/images/logos/www.xiangshi123.com.png	www.xiangshi123.com.png		相识电子书		百度网盘分享	
	https://www.iyd.wang/		https://www.iyd.wang/		https://api.iowen.cn/favicon/www.iyd.wang.png	../assets/images/logos/www.iyd.wang.png	www.iyd.wang.png		爱阅读		书籍不多	
	http://huajuanma.com/dianzishu/		http://huajuanma.com/dianzishu/		https://api.iowen.cn/favicon/huajuanma.com.png	../assets/images/logos/huajuanma.com.png	huajuanma.com.png		花卷妈		专注儿童电子书资源	
	http://www.dushudaren.com/		http://www.dushudaren.com/		https://api.iowen.cn/favicon/www.dushudaren.com.png	../assets/images/logos/www.dushudaren.com.png	www.dushudaren.com.png		读书达人		需关注微信公众号	
	http://www.ssylu.com/		http://www.ssylu.com/		https://api.iowen.cn/favicon/www.ssylu.com.png	../assets/images/logos/www.ssylu.com.png	www.ssylu.com.png		书山有路		博客式电子书分享下载	
	http://www.onebooks.cn/		http://www.onebooks.cn/		https://api.iowen.cn/favicon/www.onebooks.cn.png	../assets/images/logos/www.onebooks.cn.png	www.onebooks.cn.png		壹书		有书单有资源	
	https://www.dzsfx.com/		https://www.dzsfx.com/		https://api.iowen.cn/favicon/www.dzsfx.com.png	../assets/images/logos/www.dzsfx.com.png	www.dzsfx.com.png		微米电子书		网盘分享资源	
	http://www.rejoiceblog.com/		http://www.rejoiceblog.com/		https://api.iowen.cn/favicon/www.rejoiceblog.com.png	../assets/images/logos/www.rejoiceblog.com.png	www.rejoiceblog.com.png		Rejoice		博客分享电子书	
	https://www.readuu.com/		https://www.readuu.com/		https://api.iowen.cn/favicon/www.readuu.com.png	../assets/images/logos/www.readuu.com.png	www.readuu.com.png		锐读网		精品电子书	
	https://dylanbai8.github.io/ideahub/#		https://dylanbai8.github.io/ideahub/#		https://api.iowen.cn/favicon/dylanbai8.github.io.png	../assets/images/logos/dylanbai8.github.io.png	dylanbai8.github.io.png		精品电子书		分类清晰，推荐！	
	https://www.bookstack.cn/		https://www.bookstack.cn/		https://api.iowen.cn/favicon/www.bookstack.cn.png	../assets/images/logos/www.bookstack.cn.png	www.bookstack.cn.png		书栈网		互联网书籍	
	https://book.mzh.ren/		https://book.mzh.ren/		https://api.iowen.cn/favicon/book.mzh.ren.png	../assets/images/logos/book.mzh.ren.png	book.mzh.ren.png		码农电子书		计算机类电子书	
	https://salttiger.com/		https://salttiger.com/		https://api.iowen.cn/favicon/salttiger.com.png	../assets/images/logos/salttiger.com.png	salttiger.com.png		Salttiger		编程类书籍	
	http://goldroom.top/user/weblogin/?next=/book/		http://goldroom.top/user/weblogin/?next=/book/		https://api.iowen.cn/favicon/goldroom.top.png	../assets/images/logos/goldroom.top.png	goldroom.top.png		我的黄金屋		注册才可下载	
	http://www.eybook.com/		http://www.eybook.com/		https://api.iowen.cn/favicon/www.eybook.com.png	../assets/images/logos/www.eybook.com.png	www.eybook.com.png		风陵渡书屋		风陵渡	
	https://www.enjing.com/		https://www.enjing.com/		https://api.iowen.cn/favicon/www.enjing.com.png	../assets/images/logos/www.enjing.com.png	www.enjing.com.png		恩京书房		博客式分享电子书	
	https://www.soepub.com/		https://www.soepub.com/		https://api.iowen.cn/favicon/www.soepub.com.png	../assets/images/logos/www.soepub.com.png	www.soepub.com.png		掌上书苑		注册才可下载	
	http://www.52book.me/		http://www.52book.me/		https://api.iowen.cn/favicon/www.52book.me.png	../assets/images/logos/www.52book.me.png	www.52book.me.png		我爱书籍		分类清晰，推荐！	
	http://moreread.me/		http://moreread.me/		https://api.iowen.cn/favicon/moreread.me.png	../assets/images/logos/moreread.me.png	moreread.me.png		MoreRead		书不多	
	https://obook.cc/		https://obook.cc/		https://api.iowen.cn/favicon/obook.cc.png	../assets/images/logos/obook.cc.png	obook.cc.png		偶书		读书小站	
	http://1ebook.store/		http://1ebook.store/		https://api.iowen.cn/favicon/1ebook.store.png	../assets/images/logos/1ebook.store.png	1ebook.store.png		壹书公社		清新小站	
	https://www.sanfenzhong.net/		https://www.sanfenzhong.net/		https://api.iowen.cn/favicon/www.sanfenzhong.net.png	../assets/images/logos/www.sanfenzhong.net.png	www.sanfenzhong.net.png		三分钟书屋		经典杂志	
	https://www.werebook.com/		https://www.werebook.com/		https://api.iowen.cn/favicon/www.werebook.com.png	../assets/images/logos/www.werebook.com.png	www.werebook.com.png		书堆阅读		清新小站	
	http://diumx.com/		http://diumx.com/		https://api.iowen.cn/favicon/diumx.com.png	../assets/images/logos/diumx.com.png	diumx.com.png		芒果读书		精品电子书，需注册	
	https://www.qqszz.com/		https://www.qqszz.com/		https://api.iowen.cn/favicon/www.qqszz.com.png	../assets/images/logos/www.qqszz.com.png	www.qqszz.com.png		千秋书在		免费下载	
	https://www.mlook.mobi/member/login		https://www.mlook.mobi/member/login		https://api.iowen.cn/favicon/www.mlook.mobi.png	../assets/images/logos/www.mlook.mobi.png	www.mlook.mobi.png		Mlook		注册才可下载	
	http://www.ziliaoh.com/		http://www.ziliaoh.com/		https://api.iowen.cn/favicon/www.ziliaoh.com.png	../assets/images/logos/www.ziliaoh.com.png	www.ziliaoh.com.png		图书网		PDF电子书	
	https://ebooklist.mobi/		https://ebooklist.mobi/		https://api.iowen.cn/favicon/ebooklist.mobi.png	../assets/images/logos/ebooklist.mobi.png	ebooklist.mobi.png		书单		精品电子书	
	https://www.nmod.net/		https://www.nmod.net/		https://api.iowen.cn/favicon/www.nmod.net.png	../assets/images/logos/www.nmod.net.png	www.nmod.net.png		Nmod		优质电子书	
	https://www.taoshudang.com/		https://www.taoshudang.com/		https://api.iowen.cn/favicon/www.taoshudang.com.png	../assets/images/logos/www.taoshudang.com.png	www.taoshudang.com.png		淘书党		博客式分享电子书	
	https://ibooks.org.cn/		https://ibooks.org.cn/		https://api.iowen.cn/favicon/ibooks.org.cn.png	../assets/images/logos/ibooks.org.cn.png	ibooks.org.cn.png		读书小站		读书小站	
	https://www.kdlbook.cn/		https://www.kdlbook.cn/		https://api.iowen.cn/favicon/www.kdlbook.cn.png	../assets/images/logos/www.kdlbook.cn.png	www.kdlbook.cn.png		KdBooks		精品电子书	
	https://zure.fun/		https://zure.fun/		https://api.iowen.cn/favicon/zure.fun.png	../assets/images/logos/zure.fun.png	zure.fun.png		Zure		精品电子书	
	https://www.yydushu.com/?shuyi=friends		https://www.yydushu.com/?shuyi=friends		https://api.iowen.cn/favicon/www.yydushu.com.png	../assets/images/logos/www.yydushu.com.png	www.yydushu.com.png		映月读书		很多文学书籍	
	https://sobooks.cc/		https://sobooks.cc/		https://api.iowen.cn/favicon/sobooks.cc.png	../assets/images/logos/sobooks.cc.png	sobooks.cc.png		Sobooks		书籍资源很多	
	https://bookfere.com/		https://bookfere.com/		https://api.iowen.cn/favicon/bookfere.com.png	../assets/images/logos/bookfere.com.png	bookfere.com.png		书伴		分类清晰，推荐！	
	https://cloud.189.cn/web/share?code=uAjqAjuyIzE3		https://cloud.189.cn/web/share?code=uAjqAjuyIzE3		https://api.iowen.cn/favicon/cloud.189.cn.png	../assets/images/logos/cloud.189.cn.png	cloud.189.cn.png		书阁网整站电子书打包		访问码：flc1 书格整站电子书打包，约900G	
	https://cloud.189.cn/web/share?code=uAjqAjuyIzE3		https://cloud.189.cn/web/share?code=uAjqAjuyIzE3		https://api.iowen.cn/favicon/cloud.189.cn.png	../assets/images/logos/cloud.189.cn.png	cloud.189.cn.png		多个出版社电子书打包		访问码：8vkr	
	https://sn9.us/dir/17192461-27868687-4e3441		https://sn9.us/dir/17192461-27868687-4e3441		https://api.iowen.cn/favicon/sn9.us.png	../assets/images/logos/sn9.us.png	sn9.us.png		掌阅，kindle，有声书籍(几万本)		书籍较多	
	https://545c.com/dir/7823036-11625293-090948		https://545c.com/dir/7823036-11625293-090948		https://api.iowen.cn/favicon/545c.com.png	../assets/images/logos/545c.com.png	545c.com.png		城通网盘2W+电子书		2W+本电子书，分类多	
	https://www.jb51.net/books/		https://www.jb51.net/books/		https://api.iowen.cn/favicon/www.jb51.net.png	../assets/images/logos/www.jb51.net.png	www.jb51.net.png		脚本之家电子书		计算机类电子书	
	https://noveless.com/?shenmezhidedu.com=friend		https://noveless.com/?shenmezhidedu.com=friend		https://api.iowen.cn/favicon/noveless.com.png	../assets/images/logos/noveless.com.png	noveless.com.png		书荒部落		精校全面小说下载	
	https://www.iyd.wang/		https://www.iyd.wang/		https://api.iowen.cn/favicon/www.iyd.wang.png	../assets/images/logos/www.iyd.wang.png	www.iyd.wang.png		爱悦读		博客式电子书分享	
	https://www.kdlbook.cn/?shenmezhidedu.com=friend		https://www.kdlbook.cn/?shenmezhidedu.com=friend		https://api.iowen.cn/favicon/www.kdlbook.cn.png	../assets/images/logos/www.kdlbook.cn.png	www.kdlbook.cn.png		KDBooks		每日精选书籍	
	https://www.sanqiu.mobi/		https://www.sanqiu.mobi/		https://api.iowen.cn/favicon/www.sanqiu.mobi.png	../assets/images/logos/www.sanqiu.mobi.png	www.sanqiu.mobi.png		三秋书屋		三秋书屋，经典老牌电子书网站	
	https://www.shuzhou.cc/		https://www.shuzhou.cc/		https://api.iowen.cn/favicon/www.shuzhou.cc.png	../assets/images/logos/www.shuzhou.cc.png	www.shuzhou.cc.png		书舟		电子书资源下载推送	
	https://bbs.zhuguo.net/portal.php		https://bbs.zhuguo.net/portal.php		https://api.iowen.cn/favicon/bbs.zhuguo.net.png	../assets/images/logos/bbs.zhuguo.net.png	bbs.zhuguo.net.png		筑果文库		建筑类文库	
	http://www.nziyuan.com/		http://www.nziyuan.com/		https://api.iowen.cn/favicon/www.nziyuan.com.png	../assets/images/logos/www.nziyuan.com.png	www.nziyuan.com.png		N资源书吧		资源比较老	
	http://www.tbookk.com/		http://www.tbookk.com/		https://api.iowen.cn/favicon/www.tbookk.com.png	../assets/images/logos/www.tbookk.com.png	www.tbookk.com.png		图书库		需要关注微信公众号	
	http://www.ctfile.cn/		http://www.ctfile.cn/		https://api.iowen.cn/favicon/www.ctfile.cn.png	../assets/images/logos/www.ctfile.cn.png	www.ctfile.cn.png		全索引		无需注册可下载	
	https://www.xuexi1234567.com/		https://www.xuexi1234567.com/		https://api.iowen.cn/favicon/www.xuexi1234567.com.png	../assets/images/logos/www.xuexi1234567.com.png	www.xuexi1234567.com.png		七维学习空间		需关注微信公众号	
	http://www.pdfzn.com/		http://www.pdfzn.com/		https://api.iowen.cn/favicon/www.pdfzn.com.png	../assets/images/logos/www.pdfzn.com.png	www.pdfzn.com.png		PDF		需付费下载	
	http://www.minxue.net/		http://www.minxue.net/		https://api.iowen.cn/favicon/www.minxue.net.png	../assets/images/logos/www.minxue.net.png	www.minxue.net.png		敏学网		书比较老	
	https://www.huiyankan.com/		https://www.huiyankan.com/		https://api.iowen.cn/favicon/www.huiyankan.com.png	../assets/images/logos/www.huiyankan.com.png	www.huiyankan.com.png		慧眼看		精品电子书	
	https://ydjdy.xyz/		https://ydjdy.xyz/		https://api.iowen.cn/favicon/ydjdy.xyz.png	../assets/images/logos/ydjdy.xyz.png	ydjdy.xyz.png		逸度机电云		机电类专业书籍下载	
	http://pdf.018zy.com/		http://pdf.018zy.com/		https://api.iowen.cn/favicon/pdf.018zy.com.png	../assets/images/logos/pdf.018zy.com.png	pdf.018zy.com.png		PDF资源网		精品电子书	
	https://vikingcabin.com/		https://vikingcabin.com/		https://api.iowen.cn/favicon/vikingcabin.com.png	../assets/images/logos/vikingcabin.com.png	vikingcabin.com.png		维京小屋		精品电子书	
	http://www.101vv.com/		http://www.101vv.com/		https://api.iowen.cn/favicon/www.101vv.com.png	../assets/images/logos/www.101vv.com.png	www.101vv.com.png		101藏书阁		精品电子书	
	https://yabook.blog/		https://yabook.blog/		https://api.iowen.cn/favicon/yabook.blog.png	../assets/images/logos/yabook.blog.png	yabook.blog.png		雅书		好书推荐博客	
	http://ishare.iask.sina.com.cn/		http://ishare.iask.sina.com.cn/		https://api.iowen.cn/favicon/ishare.iask.sina.com.cn.png	../assets/images/logos/ishare.iask.sina.com.cn.png	ishare.iask.sina.com.cn.png		爱问共享资料		资料比较多	
	https://www.hi-pda.com/forum/index.php		https://www.hi-pda.com/forum/index.php		https://api.iowen.cn/favicon/www.hi-pda.com.png	../assets/images/logos/www.hi-pda.com.png	www.hi-pda.com.png		HiPDA		六寸PDF下载	
	https://www.jb51.net/books/		https://www.jb51.net/books/		https://api.iowen.cn/favicon/www.jb51.net.png	../assets/images/logos/www.jb51.net.png	www.jb51.net.png		脚本之家		计算机类电子书	
	http://www.apdf.cn/		http://www.apdf.cn/		https://api.iowen.cn/favicon/www.apdf.cn.png	../assets/images/logos/www.apdf.cn.png	www.apdf.cn.png		爱PDF		PDF电子书下载站	
	http://www.pdfzj.cn/		http://www.pdfzj.cn/		https://api.iowen.cn/favicon/www.pdfzj.cn.png	../assets/images/logos/www.pdfzj.cn.png	www.pdfzj.cn.png		PDF之家		精品电子书	
	https://www.jingdoo.net/		https://www.jingdoo.net/		https://api.iowen.cn/favicon/www.jingdoo.net.png	../assets/images/logos/www.jingdoo.net.png	www.jingdoo.net.png		精读电子书		精品电子书	
	https://www.52pojie.cn/thread-1378350-1-1.html?shuyi=friends		https://www.52pojie.cn/thread-1378350-1-1.html?shuyi=friends		https://api.iowen.cn/favicon/www.52pojie.cn.png	../assets/images/logos/www.52pojie.cn.png	www.52pojie.cn.png		PC端小说下载器		支持多个书源搜索下载	
	http://www.huanyuanshenqi.com/?shenmezhidedu.com=friends		http://www.huanyuanshenqi.com/?shenmezhidedu.com=friends		https://api.iowen.cn/favicon/www.huanyuanshenqi.com.png	../assets/images/logos/www.huanyuanshenqi.com.png	www.huanyuanshenqi.com.png		换源神器		iOS+Android，汇聚全网优质书源站全部小说，支持在线免费看，离线小说，听书！	
	https://www.52pojie.cn/forum.php?mod=viewthread&amp;tid=1431745		https://www.52pojie.cn/forum.php?mod=viewthread&amp;tid=1431745		https://api.iowen.cn/favicon/www.52pojie.cn.png	../assets/images/logos/www.52pojie.cn.png	www.52pojie.cn.png		e-Read		eBook是一款吾爱出品的纯净、安全、无广告的在线小说阅读器	
	https://www.zei8.vip/?shenmezhidedu.com=friends		https://www.zei8.vip/?shenmezhidedu.com=friends		https://api.iowen.cn/favicon/www.zei8.vip.png	../assets/images/logos/www.zei8.vip.png	www.zei8.vip.png		贼吧网		txt小说下载在线阅读的电子书门户网站	
	http://www.zxcs.me/?shenmezhidedu.com=friends		http://www.zxcs.me/?shenmezhidedu.com=friends		https://api.iowen.cn/favicon/www.zxcs.me.png	../assets/images/logos/www.zxcs.me.png	www.zxcs.me.png		知轩藏书		藏尽网络中最好的精校小说，可免费下载	
	https://www.mrsd.top/		https://www.mrsd.top/		https://api.iowen.cn/favicon/www.mrsd.top.png	../assets/images/logos/www.mrsd.top.png	www.mrsd.top.png		莫若书单		PDF电子书下载	
	https://www.bookstack.cn/		https://www.bookstack.cn/		https://api.iowen.cn/favicon/www.bookstack.cn.png	../assets/images/logos/www.bookstack.cn.png	www.bookstack.cn.png		书栈网		程序员IT书籍	
	https://www.ituring.com.cn/book		https://www.ituring.com.cn/book		https://api.iowen.cn/favicon/www.ituring.com.cn.png	../assets/images/logos/www.ituring.com.cn.png	www.ituring.com.cn.png		图灵图书		计算机图书资源	
	http://www.dzkbw.com/		http://www.dzkbw.com/		https://api.iowen.cn/favicon/www.dzkbw.com.png	../assets/images/logos/www.dzkbw.com.png	www.dzkbw.com.png		电子课本网		学生教材电子版下载	
	http://www.mcldl.com/site/index		http://www.mcldl.com/site/index		https://api.iowen.cn/favicon/www.mcldl.com.png	../assets/images/logos/www.mcldl.com.png	www.mcldl.com.png		马华文学		马华文学电子图书馆	
	https://book.sciencereading.cn/shop/main/Login/shopFrame.do		https://book.sciencereading.cn/shop/main/Login/shopFrame.do		https://api.iowen.cn/favicon/book.sciencereading.cn.png	../assets/images/logos/book.sciencereading.cn.png	book.sciencereading.cn.png		科学文库		丰富的电子书资源，可免费在线阅读	
	https://openstax.org/		https://openstax.org/		https://api.iowen.cn/favicon/openstax.org.png	../assets/images/logos/openstax.org.png	openstax.org.png		Openstax		海外教科书下载	
	https://www.aozora.gr.jp/		https://www.aozora.gr.jp/		https://api.iowen.cn/favicon/www.aozora.gr.jp.png	../assets/images/logos/www.aozora.gr.jp.png	www.aozora.gr.jp.png		青空文库		日文电子书	
	http://libgen.li/		http://libgen.li/		https://api.iowen.cn/favicon/libgen.li.png	../assets/images/logos/libgen.li.png	libgen.li.png		Library Genesis		免费电子书网站	
	https://www.planetebook.com/		https://www.planetebook.com/		https://api.iowen.cn/favicon/www.planetebook.com.png	../assets/images/logos/www.planetebook.com.png	www.planetebook.com.png		Planetebook		免费电子书网站	
	https://www.gutenberg.org/		https://www.gutenberg.org/		https://api.iowen.cn/favicon/www.gutenberg.org.png	../assets/images/logos/www.gutenberg.org.png	www.gutenberg.org.png		Project Gutenberg		古登堡计划	
	https://www.hathitrust.org/		https://www.hathitrust.org/		https://api.iowen.cn/favicon/www.hathitrust.org.png	../assets/images/logos/www.hathitrust.org.png	www.hathitrust.org.png		Hathitrust		免费电子书	
	https://www.mostrecommendedbooks.com/		https://www.mostrecommendedbooks.com/		https://api.iowen.cn/favicon/www.mostrecommendedbooks.com.png	../assets/images/logos/www.mostrecommendedbooks.com.png	www.mostrecommendedbooks.com.png		Mostrecommendedbooks		名人推荐好书	
	https://www.lianzaimanhua.com/		https://www.lianzaimanhua.com/		https://api.iowen.cn/favicon/www.lianzaimanhua.com.png	../assets/images/logos/www.lianzaimanhua.com.png	www.lianzaimanhua.com.png		连载漫画		Kindle漫画下载	
	https://www.fx361.com/		https://www.fx361.com/		https://api.iowen.cn/favicon/www.fx361.com.png	../assets/images/logos/www.fx361.com.png	www.fx361.com.png		参考网		杂志	
	http://www.53bk.com/baokan/		http://www.53bk.com/baokan/		https://api.iowen.cn/favicon/www.53bk.com.png	../assets/images/logos/www.53bk.com.png	www.53bk.com.png		报刊杂志大全		报刊杂志大全	
	https://www.badianyike.com/		https://www.badianyike.com/		https://api.iowen.cn/favicon/www.badianyike.com.png	../assets/images/logos/www.badianyike.com.png	www.badianyike.com.png		八点一刻		外文杂志	
	http://new-qk.lifves.com/wap.php?url=aHR0cCUzQSUyRiUyRm5ldy1xay5saWZ2ZXMuY29tJTJG		http://new-qk.lifves.com/wap.php?url=aHR0cCUzQSUyRiUyRm5ldy1xay5saWZ2ZXMuY29tJTJG		https://api.iowen.cn/favicon/new-qk.lifves.com.png	../assets/images/logos/new-qk.lifves.com.png	new-qk.lifves.com.png		Fives		期刊杂志	
	http://www.guapi.cn/		http://www.guapi.cn/		https://api.iowen.cn/favicon/www.guapi.cn.png	../assets/images/logos/www.guapi.cn.png	www.guapi.cn.png		谷博杂志馆		精品杂志	
	https://freemagazinepdf.com/		https://freemagazinepdf.com/		https://api.iowen.cn/favicon/freemagazinepdf.com.png	../assets/images/logos/freemagazinepdf.com.png	freemagazinepdf.com.png		Magazinepdf		PDF杂志	
	http://www.waikanwu.com/		http://www.waikanwu.com/		https://api.iowen.cn/favicon/www.waikanwu.com.png	../assets/images/logos/www.waikanwu.com.png	www.waikanwu.com.png		外刊屋		精品杂志	
	http://srtsg.com/		http://srtsg.com/		https://api.iowen.cn/favicon/srtsg.com.png	../assets/images/logos/srtsg.com.png	srtsg.com.png		私人图书馆		精品电子书	
	https://52kmh.top/		https://52kmh.top/		https://api.iowen.cn/favicon/52kmh.top.png	../assets/images/logos/52kmh.top.png	52kmh.top.png		吾爱看漫画		Kindle漫画下载	
	https://kindle.smgzd.com/		https://kindle.smgzd.com/		https://api.iowen.cn/favicon/kindle.smgzd.com.png	../assets/images/logos/kindle.smgzd.com.png	kindle.smgzd.com.png		知道漫画		漫画资源	
	http://www.jinfopai.com/		http://www.jinfopai.com/		https://api.iowen.cn/favicon/www.jinfopai.com.png	../assets/images/logos/www.jinfopai.com.png	www.jinfopai.com.png		金灵异		精品漫画	
	https://www.manhuamobi.com/		https://www.manhuamobi.com/		https://api.iowen.cn/favicon/www.manhuamobi.com.png	../assets/images/logos/www.manhuamobi.com.png	www.manhuamobi.com.png		漫画Mobi		需登录	
	https://www.thekono.com/		https://www.thekono.com/		https://api.iowen.cn/favicon/www.thekono.com.png	../assets/images/logos/www.thekono.com.png	www.thekono.com.png		KONO		电子杂志	
	http://gqzzw.com/		http://gqzzw.com/		https://api.iowen.cn/favicon/gqzzw.com.png	../assets/images/logos/gqzzw.com.png	gqzzw.com.png		高清杂志		高清杂志	
	http://www.manbutong.com/		http://www.manbutong.com/		https://api.iowen.cn/favicon/www.manbutong.com.png	../assets/images/logos/www.manbutong.com.png	www.manbutong.com.png		漫不同		Kindle漫画	
	http://csid.zju.edu.cn/tomb/#		http://csid.zju.edu.cn/tomb/#		https://api.iowen.cn/favicon/csid.zju.edu.cn.png	../assets/images/logos/csid.zju.edu.cn.png	csid.zju.edu.cn.png		中国历代墓志数据库		浙江大学图书馆古籍碑帖研究与保护中心	
	http://hong.ioc.u-tokyo.ac.jp/index.html		http://hong.ioc.u-tokyo.ac.jp/index.html		https://api.iowen.cn/favicon/hong.ioc.u-tokyo.ac.jp.png	../assets/images/logos/hong.ioc.u-tokyo.ac.jp.png	hong.ioc.u-tokyo.ac.jp.png		双红堂文库			
	https://mhdb.mh.sinica.edu.tw/		https://mhdb.mh.sinica.edu.tw/		https://api.iowen.cn/favicon/mhdb.mh.sinica.edu.tw.png	../assets/images/logos/mhdb.mh.sinica.edu.tw.png	mhdb.mh.sinica.edu.tw.png		近代史数位资料库		近代史资料	
	http://d.gushu.net.cn/		http://d.gushu.net.cn/		https://api.iowen.cn/favicon/d.gushu.net.cn.png	../assets/images/logos/d.gushu.net.cn.png	d.gushu.net.cn.png		古书网		古书	
	http://lib.xcz.im/library		http://lib.xcz.im/library		https://api.iowen.cn/favicon/lib.xcz.im.png	../assets/images/logos/lib.xcz.im.png	lib.xcz.im.png		西窗烛		传统文化	
	https://wenyuan.aliyun.com/home		https://wenyuan.aliyun.com/home		https://api.iowen.cn/favicon/wenyuan.aliyun.com.png	../assets/images/logos/wenyuan.aliyun.com.png	wenyuan.aliyun.com.png		汉典重光		寻觅流散海外的中国古籍	
	https://www.cnbksy.com/home		https://www.cnbksy.com/home		https://api.iowen.cn/favicon/www.cnbksy.com.png	../assets/images/logos/www.cnbksy.com.png	www.cnbksy.com.png		全国报刊索引		历史报刊	
	http://www.gmzm.org/		http://www.gmzm.org/		https://api.iowen.cn/favicon/www.gmzm.org.png	../assets/images/logos/www.gmzm.org.png	www.gmzm.org.png		光明之门		古籍网站	
	http://39.106.82.98:8066/guji/92.html#		http://39.106.82.98:8066/guji/92.html#		https://api.iowen.cn/favicon/39.106.82.98:8066.png	../assets/images/logos/39.106.82.98:8066.png	39.106.82.98:8066.png		唐河图书馆		唐河图书馆古籍	
	https://www.8bei8.com/		https://www.8bei8.com/		https://api.iowen.cn/favicon/www.8bei8.com.png	../assets/images/logos/www.8bei8.com.png	www.8bei8.com.png		太极书馆		太极古书	
	https://ctext.org/search.pl?if=gb&amp;remap=gb		https://ctext.org/search.pl?if=gb&amp;remap=gb		https://api.iowen.cn/favicon/ctext.org.png	../assets/images/logos/ctext.org.png	ctext.org.png		诸子百家		先秦古籍	
	http://skqs.lib.ntnu.edu.tw/dragon/		http://skqs.lib.ntnu.edu.tw/dragon/		https://api.iowen.cn/favicon/skqs.lib.ntnu.edu.tw.png	../assets/images/logos/skqs.lib.ntnu.edu.tw.png	skqs.lib.ntnu.edu.tw.png		寒泉		古典文献资料库	
	http://www.daizhige.org/		http://www.daizhige.org/		https://api.iowen.cn/favicon/www.daizhige.org.png	../assets/images/logos/www.daizhige.org.png	www.daizhige.org.png		殆知阁		超20亿字古籍	
	http://da.lib.ntnu.edu.tw/rarebook/ug-0.jsp		http://da.lib.ntnu.edu.tw/rarebook/ug-0.jsp		https://api.iowen.cn/favicon/da.lib.ntnu.edu.tw.png	../assets/images/logos/da.lib.ntnu.edu.tw.png	da.lib.ntnu.edu.tw.png		台湾师大善本古籍		善本古籍	
	https://www.kuizhangge.cn/		https://www.kuizhangge.cn/		https://api.iowen.cn/favicon/www.kuizhangge.cn.png	../assets/images/logos/www.kuizhangge.cn.png	www.kuizhangge.cn.png		奎章阁		中国古典资料	
	https://www.gujiguan.com/index.aspx		https://www.gujiguan.com/index.aspx		https://api.iowen.cn/favicon/www.gujiguan.com.png	../assets/images/logos/www.gujiguan.com.png	www.gujiguan.com.png		古籍馆		古籍搜索引擎	
	http://www.cbeta.org/		http://www.cbeta.org/		https://api.iowen.cn/favicon/www.cbeta.org.png	../assets/images/logos/www.cbeta.org.png	www.cbeta.org.png		中华电子佛典协会		佛典电子书	
	http://www.xn--5rtnx620bw5s.tw/		http://www.xn--5rtnx620bw5s.tw/		https://api.iowen.cn/favicon/www.xn--5rtnx620bw5s.tw.png	../assets/images/logos/www.xn--5rtnx620bw5s.tw.png	www.xn--5rtnx620bw5s.tw.png		汉川草庐		古籍	
	https://sou-yun.cn/index.aspx		https://sou-yun.cn/index.aspx		https://api.iowen.cn/favicon/sou-yun.cn.png	../assets/images/logos/sou-yun.cn.png	sou-yun.cn.png		搜韵		诗词门户网站	
	https://new.shuge.org/		https://new.shuge.org/		https://api.iowen.cn/favicon/new.shuge.org.png	../assets/images/logos/new.shuge.org.png	new.shuge.org.png		书格		古籍资源	
	http://www.nlc.cn/web/index.shtml		http://www.nlc.cn/web/index.shtml		https://api.iowen.cn/favicon/www.nlc.cn.png	../assets/images/logos/www.nlc.cn.png	www.nlc.cn.png		中国国家图书馆		中国国家图书馆	
	http://fm.xinli001.com/99398030		http://fm.xinli001.com/99398030		https://api.iowen.cn/favicon/fm.xinli001.com.png	../assets/images/logos/fm.xinli001.com.png	fm.xinli001.com.png		心理FM		按心情分类，很有趣的FM	
	https://www.lizhi.fm/		https://www.lizhi.fm/		https://api.iowen.cn/favicon/www.lizhi.fm.png	../assets/images/logos/www.lizhi.fm.png	www.lizhi.fm.png		荔枝FM		荔枝FM	
	https://www.qingting.fm/		https://www.qingting.fm/		https://api.iowen.cn/favicon/www.qingting.fm.png	../assets/images/logos/www.qingting.fm.png	www.qingting.fm.png		蜻蜓FM		蜻蜓FM	
	https://www.ximalaya.com/		https://www.ximalaya.com/		https://api.iowen.cn/favicon/www.ximalaya.com.png	../assets/images/logos/www.ximalaya.com.png	www.ximalaya.com.png		喜马拉雅		喜马拉雅	
	http://www.zgpingshu.com/		http://www.zgpingshu.com/		https://api.iowen.cn/favicon/www.zgpingshu.com.png	../assets/images/logos/www.zgpingshu.com.png	www.zgpingshu.com.png		评书网		评书网	
	https://www.pingshu8.com/		https://www.pingshu8.com/		https://api.iowen.cn/favicon/www.pingshu8.com.png	../assets/images/logos/www.pingshu8.com.png	www.pingshu8.com.png		评书吧		评书吧	
	https://www.pingshu365.com/		https://www.pingshu365.com/		https://api.iowen.cn/favicon/www.pingshu365.com.png	../assets/images/logos/www.pingshu365.com.png	www.pingshu365.com.png		评书365		评书365	
	http://www.tingdongfang.com/		http://www.tingdongfang.com/		https://api.iowen.cn/favicon/www.tingdongfang.com.png	../assets/images/logos/www.tingdongfang.com.png	www.tingdongfang.com.png		听东方		听东方	
	https://www.tingbook.com/		https://www.tingbook.com/		https://api.iowen.cn/favicon/www.tingbook.com.png	../assets/images/logos/www.tingbook.com.png	www.tingbook.com.png		天方听书		天方听书	
	http://www.ting56.com/		http://www.ting56.com/		https://api.iowen.cn/favicon/www.ting56.com.png	../assets/images/logos/www.ting56.com.png	www.ting56.com.png		56听书		56听书	
	http://www.ysxs8.com/		http://www.ysxs8.com/		https://api.iowen.cn/favicon/www.ysxs8.com.png	../assets/images/logos/www.ysxs8.com.png	www.ysxs8.com.png		有声小说吧		有声小说	
	http://www.lrts.me/		http://www.lrts.me/		https://api.iowen.cn/favicon/www.lrts.me.png	../assets/images/logos/www.lrts.me.png	www.lrts.me.png		懒人听书		懒人听书	
	https://www.tingchina.com/		https://www.tingchina.com/		https://api.iowen.cn/favicon/www.tingchina.com.png	../assets/images/logos/www.tingchina.com.png	www.tingchina.com.png		听中国		听中国	
	https://www.readinglife.com/		https://www.readinglife.com/		https://api.iowen.cn/favicon/www.readinglife.com.png	../assets/images/logos/www.readinglife.com.png	www.readinglife.com.png		新经典		中国领先的图书策划与发行机构	
	http://www.sanhuibooks.com/		http://www.sanhuibooks.com/		https://api.iowen.cn/favicon/www.sanhuibooks.com.png	../assets/images/logos/www.sanhuibooks.com.png	www.sanhuibooks.com.png		三辉图书		三辉图书	
	http://www.allsagesbooks.com/		http://www.allsagesbooks.com/		https://api.iowen.cn/favicon/www.allsagesbooks.com.png	../assets/images/logos/www.allsagesbooks.com.png	www.allsagesbooks.com.png		万圣书园		万圣书园	
	https://www.cp.com.cn/		https://www.cp.com.cn/		https://api.iowen.cn/favicon/www.cp.com.cn.png	../assets/images/logos/www.cp.com.cn.png	www.cp.com.cn.png		商务印书馆		商务印书馆	
	http://www.zhbc.com.cn/zhsj/fg/home/home.html		http://www.zhbc.com.cn/zhsj/fg/home/home.html		https://api.iowen.cn/favicon/www.zhbc.com.cn.png	../assets/images/logos/www.zhbc.com.cn.png	www.zhbc.com.cn.png		中华书局		中华书局	
	http://www.mtype.cn/		http://www.mtype.cn/		https://api.iowen.cn/favicon/www.mtype.cn.png	../assets/images/logos/www.mtype.cn.png	www.mtype.cn.png		活字文化		活字文化	
	http://www.duku.cn/		http://www.duku.cn/		https://api.iowen.cn/favicon/www.duku.cn.png	../assets/images/logos/www.duku.cn.png	www.duku.cn.png		读库		读库	
	http://www.sdxjpc.com/main/		http://www.sdxjpc.com/main/		https://api.iowen.cn/favicon/www.sdxjpc.com.png	../assets/images/logos/www.sdxjpc.com.png	www.sdxjpc.com.png		三联书店		生活读书新知	
	http://www.qybook.cn/index.asp		http://www.qybook.cn/index.asp		https://api.iowen.cn/favicon/www.qybook.cn.png	../assets/images/logos/www.qybook.cn.png	www.qybook.cn.png		青苑书店		青苑书店	
	http://www.momibook.com/		http://www.momibook.com/		https://api.iowen.cn/favicon/www.momibook.com.png	../assets/images/logos/www.momibook.com.png	www.momibook.com.png		猫的天空之城		猫的天空之城	
	http://www.yanjiyou.com/		http://www.yanjiyou.com/		https://api.iowen.cn/favicon/www.yanjiyou.com.png	../assets/images/logos/www.yanjiyou.com.png	www.yanjiyou.com.png		言又几		言又几	
	http://www.owspace.com/		http://www.owspace.com/		https://api.iowen.cn/favicon/www.owspace.com.png	../assets/images/logos/www.owspace.com.png	www.owspace.com.png		单向空间		单向空间	
	https://fangsuo.com/		https://fangsuo.com/		https://api.iowen.cn/favicon/fangsuo.com.png	../assets/images/logos/fangsuo.com.png	fangsuo.com.png		方所		方所	
	https://www.ilixiangguo.com/		https://www.ilixiangguo.com/		https://api.iowen.cn/favicon/www.ilixiangguo.com.png	../assets/images/logos/www.ilixiangguo.com.png	www.ilixiangguo.com.png		理想国		理想国	
	https://www.qidian.com/		https://www.qidian.com/		https://api.iowen.cn/favicon/www.qidian.com.png	../assets/images/logos/www.qidian.com.png	www.qidian.com.png		起点中文网		起点小说网	
	http://www.zongheng.com/		http://www.zongheng.com/		https://api.iowen.cn/favicon/www.zongheng.com.png	../assets/images/logos/www.zongheng.com.png	www.zongheng.com.png		纵横中文网		纵横小说网站	
	https://www.jjwxc.net/		https://www.jjwxc.net/		https://api.iowen.cn/favicon/www.jjwxc.net.png	../assets/images/logos/www.jjwxc.net.png	www.jjwxc.net.png		晋江文学城		晋江文学	
	https://yuedu.163.com/		https://yuedu.163.com/		https://api.iowen.cn/favicon/yuedu.163.com.png	../assets/images/logos/yuedu.163.com.png	yuedu.163.com.png		网易云阅读		网易云读书网站	
	https://shuqi.com/		https://shuqi.com/		https://api.iowen.cn/favicon/shuqi.com.png	../assets/images/logos/shuqi.com.png	shuqi.com.png		书旗小说		书旗小说网站	
	https://www.ireader.com.cn/		https://www.ireader.com.cn/		https://api.iowen.cn/favicon/www.ireader.com.cn.png	../assets/images/logos/www.ireader.com.cn.png	www.ireader.com.cn.png		掌阅书城		掌阅小说网站	
	https://www.xxsy.net/		https://www.xxsy.net/		https://api.iowen.cn/favicon/www.xxsy.net.png	../assets/images/logos/www.xxsy.net.png	www.xxsy.net.png		潇湘书院		潇湘书院小说网站	
	https://www.hongxiu.com/		https://www.hongxiu.com/		https://api.iowen.cn/favicon/www.hongxiu.com.png	../assets/images/logos/www.hongxiu.com.png	www.hongxiu.com.png		红袖添香		红袖添香小说	
	https://www.17k.com/		https://www.17k.com/		https://api.iowen.cn/favicon/www.17k.com.png	../assets/images/logos/www.17k.com.png	www.17k.com.png		17K小说		17K小说	
